biology,Biosystematics
biology,Neruobiology
biology,Bioinformatics
biology,Anatomy and Physiology
biology,Cell Biology
biology,Biochemistry
biology,Genetics
biology,Evolution
biology,Animal Behavior
biology,Molecular Biology
biology,Plants
biology,Ecology
chemistry,Electrochemistry
chemistry,Acids and Bases
chemistry,Catalysts
chemistry,Kinetics
chemistry,Equilibirum
chemistry,Organic Chemistry
chemistry,Stock Chemistry
chemistry,Solutions
chemistry,Transition Metals
physics,Mechanics
physics,simple harmonic motion
physics,waves
physics,rocket stuff
physics,rotational motion
physics,electricity
physics,circuits
physics,magnetism
physics,electromagnetism
physics,optics
physics,quantum mechanics
physics,particle physics
earth science,Oceanography
earth science,Geology
earth science,Rocks and Minerals
earth science,meterology
earth science,astronomy
earth science,plate tectonics
earth science,volcanoes
earth science,earthquake scales
earth science,hurricane scales
earth science,tornado scales
math,AMC Question style
math,AOPS 1
math,AOPS 2
math,Simple Arithmetic
math,GCF/LCM
math,analytical geometry
math,Statistics
math,Probability
math,Calc 1/2
math,Calc 3
energy,Brookhaven
energy,Princeton plasma
energy,Los Alamos
energy,Lawrence Berkeley
energy,Oak Ridge
energy,Argonne
energy,Ames
energy,Slac national accelerator
energy,Fermi accelerator
energy,Pacific Northwest
energy,Thomas Jefferson Accelerator
energy,Lawrence Livermore
